"facility_id";"NAME";"location";"TYPE"
"1";"Community Health Center";"Rural Area";"Primary"
"2";"Rural Health Clinic";"Rural Area";"Primary"
"3";"Mobile Health Unit";"Rural Area";"Mobile"
"4";"Community Health Center";"Urban Area";"Primary"
"5";"District Hospital";"Urban Area";"Secondary"
"health_worker_id";"NAME";"qualification";"facility_id"
"1";"John Smith";"Nurse";"1"
"2";"Maria Garcia";"Midwife";"1"
"3";"Ahmed Khan";"Doctor";"2"
"4";"Aisha Patel";"Nurse";"3"
"5";"Daniel Lee";"Nurse";"4"
"6";"Emily Carter";"Midwife";"5"
"7";"Oliver Baker";"Doctor";"4"
"patient_id";"NAME";"age";"address";"location"
"1";"Jane Doe";"25";"Rural Village";"Rural Area"
"2";"Sarah Johnson";"28";"Rural Village";"Rural Area"
"3";"David Lee";"32";"Rural Village";"Rural Area"
"4";"Emily Brown";"27";"Rural Village";"Rural Area"
"5";"Thomas White";"30";"Rural Village";"Rural Area"
"6";"Jennifer Smith";"29";"Rural Village";"Rural Area"
"7";"Michael Johnson";"31";"Rural Village";"Rural Area"
"8";"Olivia Davis";"26";"Rural Village";"Rural Area"
"9";"Ethan Brown";"33";"Rural Village";"Rural Area"
"10";"Sophia Wilson";"28";"Rural Village";"Rural Area"
"visit_id";"patient_id";"facility_id";"health_worker_id";"visit_date";"outcome"
"1";"1";"1";"1";"2023-01-01";"Pregnancy Check-up"
"2";"2";"1";"2";"2023-02-15";"Pregnancy Check-up"
"3";"3";"2";"3";"2023-03-20";"Delivery"
"4";"4";"3";"4";"2023-04-05";"Child Immunization"
"5";"5";"1";"1";"2023-05-10";"Maternal Mortality"
"6";"6";"4";"5";"2023-06-15";"Family Planning"
"7";"7";"5";"6";"2023-07-20";"Pregnancy Check-up"
"8";"8";"4";"7";"2023-08-05";"Child Immunization"
"9";"9";"5";"6";"2023-09-10";"Delivery"
"10";"10";"4";"5";"2023-10-15";"Maternal Mortality"
